<activations>
	  <activation timestamp="1233382836" type="phone">
	    <account-number>1234</account-number>
	    <device-id>986f8427-9788-4a71-8cec-03e380c223e9</device-id>
	    <phone-number>4083500055</phone-number>
	    <model>Sorrento F00L</model>
	  </activation>
	  		  <activation timestamp="1233370659" type="phone">
	    <account-number>1308</account-number>
	    <device-id>f4aca699-838e-4db0-a212-a575fbc7d25e</device-id>
	    <phone-number>4084653845</phone-number>
	    <model>iFruit 1</model>
	  </activation>
	  		  <activation timestamp="1233360568" type="phone">
	    <account-number>772</account-number>
	    <device-id>c2649819-f353-471f-a3f5-b9e5b6e2898e</device-id>
	    <phone-number>9161997565</phone-number>
	    <model>Titanic 1100</model>
	  </activation>
	  		  <activation timestamp="1233345247" type="phone">
	    <account-number>2844</account-number>
	    <device-id>22a6c40b-86c7-4b71-9228-7a310e2bacd1</device-id>
	    <phone-number>5103724245</phone-number>
	    <model>iFruit 1</model>
	  </activation>
	  		  <activation timestamp="1233341530" type="phone">
	    <account-number>1402</account-number>
	    <device-id>ff7b339a-c7ca-4320-b6b4-26c21d4f47f1</device-id>
	    <phone-number>7072065884</phone-number>
	    <model>MeeToo 1.0</model>
	  </activation>
	  		  <activation timestamp="1233340815" type="phone">
	    <account-number>3178</account-number>
	    <device-id>f1e737ad-a1c5-479f-ad5b-80b83fc99fc6</device-id>
	    <phone-number>7079582374</phone-number>
	    <model>iFruit 1</model>
	  </activation>
	  		  <activation timestamp="1233329385" type="phone">
	    <account-number>1192</account-number>
	    <device-id>3bb55dc1-c99a-4576-a8b3-a1a4b6eb1ee9</device-id>
	    <phone-number>6504222246</phone-number>
	    <model>iFruit 1</model>
	  </activation>
	  		  <activation timestamp="1233329278" type="phone">
	    <account-number>1195</account-number>
	    <device-id>5e9014c2-2475-4e62-9bdf-0f6a2e655b7d</device-id>
	    <phone-number>7077523148</phone-number>
	    <model>Sorrento F00L</model>
	  </activation>
	  		  <activation timestamp="1233317677" type="phone">
	    <account-number>2687</account-number>
	    <device-id>363b6e69-179c-47c8-8bca-67316adceff3</device-id>
	    <phone-number>4155864021</phone-number>
	    <model>iFruit 1</model>
	  </activation>
	  		  <activation timestamp="1233317145" type="phone">
	    <account-number>3210</account-number>
	    <device-id>23544734-50b4-42a7-b972-b88d274c435a</device-id>
	    <phone-number>2096378786</phone-number>
	    <model>Sorrento F00L</model>
	  </activation>
	  		  <activation timestamp="1233315936" type="phone">
	    <account-number>2748</account-number>
	    <device-id>d9381198-4eee-45a4-bcc9-1b73909eae2f</device-id>
	    <phone-number>2095640777</phone-number>
	    <model>Titanic 1100</model>
	  </activation>
	  		  <activation timestamp="1233314547" type="phone">
	    <account-number>3865</account-number>
	    <device-id>f738d24f-3b1a-411c-87a4-9897312deafa</device-id>
	    <phone-number>4249217531</phone-number>
	    <model>MeeToo 1.0</model>
	  </activation>
	  		  <activation timestamp="1233306521" type="phone">
	    <account-number>1538</account-number>
	    <device-id>6f721398-1b15-4312-9d8d-ae79f384fe9e</device-id>
	    <phone-number>6502582940</phone-number>
	    <model>MeeToo 1.0</model>
	  </activation>
	  		  <activation timestamp="1233301373" type="phone">
	    <account-number>4040</account-number>
	    <device-id>35a6adbf-cecd-4e22-8c06-701fb2af9c4d</device-id>
	    <phone-number>4080371372</phone-number>
	    <model>Sorrento F00L</model>
	  </activation>
	  		  <activation timestamp="1233278691" type="phone">
	    <account-number>2882</account-number>
	    <device-id>d5da80cf-1c39-43d7-a6c3-f8dd76f6682e</device-id>
	    <phone-number>4150904279</phone-number>
	    <model>Sorrento F00L</model>
	  </activation>
	  		  <activation timestamp="1233278299" type="phone">
	    <account-number>580</account-number>
	    <device-id>08138921-517d-41e4-a092-2cb90c81198d</device-id>
	    <phone-number>9165169327</phone-number>
	    <model>Titanic 1100</model>
	  </activation>
	  		  <activation timestamp="1233269405" type="phone">
	    <account-number>2788</account-number>
	    <device-id>ac1e7278-2878-42f5-9d8e-2102000448e0</device-id>
	    <phone-number>5107267807</phone-number>
	    <model>Titanic 1000</model>
	  </activation>
	  		  <activation timestamp="1233237694" type="phone">
	    <account-number>1273</account-number>
	    <device-id>f2ed0c06-6cc8-4d2f-93f8-8d0bb9d2ea12</device-id>
	    <phone-number>5108208922</phone-number>
	    <model>iFruit 1</model>
	  </activation>
	  		  <activation timestamp="1233227835" type="phone">
	    <account-number>10622</account-number>
	    <device-id>d2d43639-7398-48f1-9631-57f98d3c2d43</device-id>
	    <phone-number>5034198470</phone-number>
	    <model>Sorrento F00L</model>
	  </activation>
	  		  <activation timestamp="1233210786" type="phone">
	    <account-number>2099</account-number>
	    <device-id>8b2582b3-95b2-4f0b-8595-a3b5b9033a93</device-id>
	    <phone-number>6508063300</phone-number>
	    <model>Sorrento F00L</model>
	  </activation>
	  		  <activation timestamp="1233209176" type="phone">
	    <account-number>6093</account-number>
	    <device-id>5b270f4c-8bf3-4f02-85aa-0ac8376c0a48</device-id>
	    <phone-number>8053318203</phone-number>
	    <model>Titanic 1100</model>
	  </activation>
	  		  <activation timestamp="1233202644" type="phone">
	    <account-number>1207</account-number>
	    <device-id>fb94b240-1fcd-48cb-9ef3-85783c5c3872</device-id>
	    <phone-number>7072870176</phone-number>
	    <model>Titanic 1100</model>
	  </activation>
	  		  <activation timestamp="1233200325" type="phone">
	    <account-number>1075</account-number>
	    <device-id>2a58637e-22f1-4a6c-a01c-3a5056806b36</device-id>
	    <phone-number>9168931031</phone-number>
	    <model>Sorrento F00L</model>
	  </activation>
	  		  <activation timestamp="1233174265" type="phone">
	    <account-number>2940</account-number>
	    <device-id>c689dfe1-7308-4bf6-8391-fc213eb938ef</device-id>
	    <phone-number>4087515495</phone-number>
	    <model>Sorrento F00L</model>
	  </activation>
	  		  <activation timestamp="1233169299" type="phone">
	    <account-number>1890</account-number>
	    <device-id>35e4c1f5-c48e-4063-bfa4-2cf0fbb4b2a0</device-id>
	    <phone-number>7079296580</phone-number>
	    <model>Titanic 1100</model>
	  </activation>
	  		  <activation timestamp="1233165131" type="phone">
	    <account-number>49330</account-number>
	    <device-id>909676b4-ee4e-4728-a753-6b8cf8698bc3</device-id>
	    <phone-number>3100029276</phone-number>
	    <model>MeeToo 1.0</model>
	  </activation>
	  		  <activation timestamp="1233160873" type="phone">
	    <account-number>3092</account-number>
	    <device-id>c3938d38-9883-4870-a1bf-451d626af9c7</device-id>
	    <phone-number>5106194747</phone-number>
	    <model>iFruit 1</model>
	  </activation>
	  		  <activation timestamp="1233154931" type="phone">
	    <account-number>1703</account-number>
	    <device-id>e5c890a3-9fb2-4014-929d-fca71e7236c7</device-id>
	    <phone-number>2095375238</phone-number>
	    <model>Titanic 1000</model>
	  </activation>
	  		  <activation timestamp="1233146124" type="phone">
	    <account-number>2660</account-number>
	    <device-id>a48547ae-a5df-4b87-b32f-52ac6bf81e14</device-id>
	    <phone-number>9163613743</phone-number>
	    <model>iFruit 1</model>
	  </activation>
	  		  <activation timestamp="1233136346" type="phone">
	    <account-number>1239</account-number>
	    <device-id>dbc73bd0-158a-478a-be13-f4cbb4b602f3</device-id>
	    <phone-number>4087982486</phone-number>
	    <model>Titanic 1100</model>
	  </activation>
	  		  <activation timestamp="1233135956" type="phone">
	    <account-number>1637</account-number>
	    <device-id>252edc90-0b89-4487-b220-d9a74d187e93</device-id>
	    <phone-number>4157570770</phone-number>
	    <model>Titanic 1100</model>
	  </activation>
	  		  <activation timestamp="1233133607" type="phone">
	    <account-number>2888</account-number>
	    <device-id>f4d8473d-308c-4cf5-a256-ed7a26eb84a6</device-id>
	    <phone-number>5103001538</phone-number>
	    <model>Titanic 1000</model>
	  </activation>
	  		  <activation timestamp="1233123360" type="phone">
	    <account-number>1709</account-number>
	    <device-id>615e9f6c-3307-4a6a-a639-4a64ab66eaff</device-id>
	    <phone-number>6509931362</phone-number>
	    <model>MeeToo 1.0</model>
	  </activation>
	  		  <activation timestamp="1233123070" type="phone">
	    <account-number>1336</account-number>
	    <device-id>5957bc03-4238-420a-87ad-45a4ac674c5b</device-id>
	    <phone-number>9169412980</phone-number>
	    <model>iFruit 1</model>
	  </activation>
	  		  <activation timestamp="1233122779" type="phone">
	    <account-number>2791</account-number>
	    <device-id>470a77a3-b0fc-412f-b28f-9d0b3bcd9eba</device-id>
	    <phone-number>4151033610</phone-number>
	    <model>Titanic 1100</model>
	  </activation>
	  		  <activation timestamp="1233111185" type="phone">
	    <account-number>2373</account-number>
	    <device-id>c9f532d6-73d0-4362-b18c-083702b710cd</device-id>
	    <phone-number>5100715453</phone-number>
	    <model>Titanic 1100</model>
	  </activation>
	  		  <activation timestamp="1233106066" type="phone">
	    <account-number>1126</account-number>
	    <device-id>cac3863a-9d96-4e02-940b-a2bf3eead722</device-id>
	    <phone-number>9169991746</phone-number>
	    <model>iFruit 1</model>
	  </activation>
	  		  <activation timestamp="1233104846" type="phone">
	    <account-number>2066</account-number>
	    <device-id>3cae1419-15df-4f01-974b-9bddad58e251</device-id>
	    <phone-number>7075600114</phone-number>
	    <model>Titanic 1000</model>
	  </activation>
	  		  <activation timestamp="1233098012" type="phone">
	    <account-number>1003</account-number>
	    <device-id>50762fc4-4894-46d5-ab41-9092ce219b1f</device-id>
	    <phone-number>7076705654</phone-number>
	    <model>iFruit 1</model>
	  </activation>
	  		  <activation timestamp="1233097097" type="phone">
	    <account-number>1757</account-number>
	    <device-id>2fb4582a-e027-4a6a-b867-843fdfb9e250</device-id>
	    <phone-number>5107287763</phone-number>
	    <model>Titanic 1100</model>
	  </activation>
	  		  <activation timestamp="1233085889" type="phone">
	    <account-number>1513</account-number>
	    <device-id>31b29264-2208-4487-9f72-caa77cad8c42</device-id>
	    <phone-number>4156591981</phone-number>
	    <model>Titanic 1100</model>
	  </activation>
	  		  <activation timestamp="1233082535" type="phone">
	    <account-number>1232</account-number>
	    <device-id>fd612296-3cc2-4618-be21-d89e012ea862</device-id>
	    <phone-number>5108570820</phone-number>
	    <model>Titanic 1100</model>
	  </activation>
	  		  <activation timestamp="1233077513" type="phone">
	    <account-number>2823</account-number>
	    <device-id>c40ecb25-0967-49e1-814f-350006c21626</device-id>
	    <phone-number>4158818585</phone-number>
	    <model>Titanic 1100</model>
	  </activation>
	  		  <activation timestamp="1233072988" type="phone">
	    <account-number>1760</account-number>
	    <device-id>e70e7a6f-eb44-4a3a-a521-eba795b90e59</device-id>
	    <phone-number>9164976231</phone-number>
	    <model>Titanic 1000</model>
	  </activation>
	  		  <activation timestamp="1233061041" type="phone">
	    <account-number>3078</account-number>
	    <device-id>243c1e05-6854-4ee3-adbc-fc0aa2228fe1</device-id>
	    <phone-number>4155365082</phone-number>
	    <model>MeeToo 1.0</model>
	  </activation>
	  		  <activation timestamp="1233054052" type="phone">
	    <account-number>2719</account-number>
	    <device-id>878fcbc0-9dad-45be-989d-cad429993687</device-id>
	    <phone-number>9167063304</phone-number>
	    <model>Titanic 1000</model>
	  </activation>
	  		  <activation timestamp="1233052104" type="phone">
	    <account-number>3476</account-number>
	    <device-id>7ebb0e0a-952d-477d-8cd5-8aaf0927ba8c</device-id>
	    <phone-number>9167975676</phone-number>
	    <model>MeeToo 1.0</model>
	  </activation>
	  		  <activation timestamp="1233043294" type="phone">
	    <account-number>50002</account-number>
	    <device-id>2a39a313-69a0-40c1-be1e-492676c67d71</device-id>
	    <phone-number>3105630268</phone-number>
	    <model>Titanic 1100</model>
	  </activation>
	  		  <activation timestamp="1233038090" type="phone">
	    <account-number>632</account-number>
	    <device-id>6db77451-c99b-45c1-9017-4e8f4de44ca3</device-id>
	    <phone-number>5309248084</phone-number>
	    <model>iFruit 1</model>
	  </activation>
	  		  <activation timestamp="1233034684" type="phone">
	    <account-number>949</account-number>
	    <device-id>3b9856da-8b25-4d10-a94f-81f925a62eaa</device-id>
	    <phone-number>4155765740</phone-number>
	    <model>MeeToo 1.0</model>
	  </activation>
	  		  <activation timestamp="1233021236" type="phone">
	    <account-number>2014</account-number>
	    <device-id>ca8937d9-5296-4acc-8afb-a10fddbbe139</device-id>
	    <phone-number>5103073745</phone-number>
	    <model>Titanic 1100</model>
	  </activation>
	  		  <activation timestamp="1233010058" type="phone">
	    <account-number>63585</account-number>
	    <device-id>10cd7a46-165c-4e3d-96b8-f69000c30b9a</device-id>
	    <phone-number>5593299034</phone-number>
	    <model>MeeToo 1.0</model>
	  </activation>
	  		  <activation timestamp="1232975024" type="phone">
	    <account-number>1598</account-number>
	    <device-id>b1bc99f7-fd69-405b-9b9b-9452133d01e9</device-id>
	    <phone-number>4158831079</phone-number>
	    <model>MeeToo 1.0</model>
	  </activation>
	  		  <activation timestamp="1232973820" type="phone">
	    <account-number>2838</account-number>
	    <device-id>b0fec077-267f-403a-b219-3b05d0b9fc4f</device-id>
	    <phone-number>9165313862</phone-number>
	    <model>Titanic 1000</model>
	  </activation>
	  		  <activation timestamp="1232955571" type="phone">
	    <account-number>1931</account-number>
	    <device-id>3569e4f3-fa07-4bd0-ba6c-368b1f51d0a2</device-id>
	    <phone-number>5102698723</phone-number>
	    <model>Sorrento F00L</model>
	  </activation>
	  		  <activation timestamp="1232952223" type="phone">
	    <account-number>3507</account-number>
	    <device-id>91832b8c-82c0-4af5-827b-1eb944089eea</device-id>
	    <phone-number>9164300569</phone-number>
	    <model>MeeToo 1.0</model>
	  </activation>
	  		  <activation timestamp="1232943519" type="phone">
	    <account-number>1519</account-number>
	    <device-id>0bc793a2-312d-45ce-91ac-29162122fd02</device-id>
	    <phone-number>9164223180</phone-number>
	    <model>iFruit 1</model>
	  </activation>
	  		  <activation timestamp="1232943388" type="phone">
	    <account-number>2181</account-number>
	    <device-id>c685846f-9cbf-4fc9-9c3e-f5dbfc96ec68</device-id>
	    <phone-number>9161655712</phone-number>
	    <model>iFruit 1</model>
	  </activation>
	  		  <activation timestamp="1232937913" type="phone">
	    <account-number>2840</account-number>
	    <device-id>a8c3f634-3492-41bd-9ce2-d34c8be403fe</device-id>
	    <phone-number>7077359920</phone-number>
	    <model>Titanic 1100</model>
	  </activation>
	  		  <activation timestamp="1232934352" type="phone">
	    <account-number>1201</account-number>
	    <device-id>12305576-c983-4503-ae72-0921ffef9bcf</device-id>
	    <phone-number>2097794565</phone-number>
	    <model>iFruit 1</model>
	  </activation>
	  		  <activation timestamp="1232931867" type="phone">
	    <account-number>2993</account-number>
	    <device-id>a5efcbec-a5e6-428c-94c0-60402b6343b3</device-id>
	    <phone-number>9164540408</phone-number>
	    <model>iFruit 1</model>
	  </activation>
	  		  <activation timestamp="1232931459" type="phone">
	    <account-number>100613</account-number>
	    <device-id>5eee677c-6123-4a2b-8276-33dd9f44c0c5</device-id>
	    <phone-number>7025610074</phone-number>
	    <model>iFruit 1</model>
	  </activation>
	  		  <activation timestamp="1232914128" type="phone">
	    <account-number>6461</account-number>
	    <device-id>89298eef-eef0-4698-8353-4ff852504fbb</device-id>
	    <phone-number>5108187265</phone-number>
	    <model>Titanic 1100</model>
	  </activation>
	  		  <activation timestamp="1232910511" type="phone">
	    <account-number>3066</account-number>
	    <device-id>6a3b4e63-1f88-4d49-a08e-eed3dac60208</device-id>
	    <phone-number>6501383068</phone-number>
	    <model>Titanic 1000</model>
	  </activation>
	  		  <activation timestamp="1232905902" type="phone">
	    <account-number>3498</account-number>
	    <device-id>40cb2f7c-e76b-4d21-b36e-b2626a2c7673</device-id>
	    <phone-number>7074928602</phone-number>
	    <model>Sorrento F00L</model>
	  </activation>
	  		  <activation timestamp="1232896619" type="phone">
	    <account-number>2149</account-number>
	    <device-id>ca7212b1-491a-468d-99db-3dcb2ea7f44c</device-id>
	    <phone-number>2095027912</phone-number>
	    <model>Titanic 1100</model>
	  </activation>
	  		  <activation timestamp="1232894545" type="phone">
	    <account-number>2266</account-number>
	    <device-id>c0466188-e653-4e58-af08-5970ac344bdb</device-id>
	    <phone-number>4159685491</phone-number>
	    <model>MeeToo 1.0</model>
	  </activation>
	  		  <activation timestamp="1232893953" type="phone">
	    <account-number>1011</account-number>
	    <device-id>c6d13d3a-ed8a-4fee-a241-ecac8074dada</device-id>
	    <phone-number>4155184671</phone-number>
	    <model>Titanic 1000</model>
	  </activation>
	  		  <activation timestamp="1232891380" type="phone">
	    <account-number>1320</account-number>
	    <device-id>1b20edf8-6c10-4808-88c5-a9a3e51dca88</device-id>
	    <phone-number>4080303896</phone-number>
	    <model>Titanic 1100</model>
	  </activation>
	  		  <activation timestamp="1232891309" type="phone">
	    <account-number>90724</account-number>
	    <device-id>6567f40b-25f9-4759-8203-602f718c3da4</device-id>
	    <phone-number>5626925361</phone-number>
	    <model>Sorrento F00L</model>
	  </activation>
	  		  <activation timestamp="1232889839" type="phone">
	    <account-number>3473</account-number>
	    <device-id>b6a0db89-9b6e-4497-a791-1d12555a757e</device-id>
	    <phone-number>5106797764</phone-number>
	    <model>Titanic 1000</model>
	  </activation>
	  		  <activation timestamp="1232877392" type="phone">
	    <account-number>9810</account-number>
	    <device-id>57deeb39-e0c3-4d12-ad61-290a0d495b99</device-id>
	    <phone-number>8188388835</phone-number>
	    <model>MeeToo 1.0</model>
	  </activation>
	  		  <activation timestamp="1232875493" type="phone">
	    <account-number>44613</account-number>
	    <device-id>6df5afb2-1a0d-406b-bcd4-b915eb89dddf</device-id>
	    <phone-number>2138925746</phone-number>
	    <model>Titanic 1100</model>
	  </activation>
	  		  <activation timestamp="1232871912" type="phone">
	    <account-number>1950</account-number>
	    <device-id>638e2c05-574c-4b96-a582-14d5d15b66f1</device-id>
	    <phone-number>7078380099</phone-number>
	    <model>Titanic 1000</model>
	  </activation>
	  		  <activation timestamp="1232868184" type="phone">
	    <account-number>1885</account-number>
	    <device-id>06de717d-bbf9-428c-a24d-23f99644604b</device-id>
	    <phone-number>4086608161</phone-number>
	    <model>Sorrento F00L</model>
	  </activation>
	  		  <activation timestamp="1232853063" type="phone">
	    <account-number>2263</account-number>
	    <device-id>717ba857-ee24-4370-a022-925f8024da98</device-id>
	    <phone-number>9162436645</phone-number>
	    <model>MeeToo 1.0</model>
	  </activation>
	  		  <activation timestamp="1232835939" type="phone">
	    <account-number>2342</account-number>
	    <device-id>eb4dba18-7e39-45f7-ad3c-3b7444baf55d</device-id>
	    <phone-number>9162044991</phone-number>
	    <model>iFruit 1</model>
	  </activation>
	  		  <activation timestamp="1232818773" type="phone">
	    <account-number>1778</account-number>
	    <device-id>ae4cc1a3-c919-4e54-8bc2-37db3f11a718</device-id>
	    <phone-number>9163055405</phone-number>
	    <model>Titanic 1000</model>
	  </activation>
	  		  <activation timestamp="1232807380" type="phone">
	    <account-number>2268</account-number>
	    <device-id>0b674ca3-fd42-4018-86fd-c532bdb77580</device-id>
	    <phone-number>9166790563</phone-number>
	    <model>Titanic 1000</model>
	  </activation>
	  		  <activation timestamp="1232800287" type="phone">
	    <account-number>1746</account-number>
	    <device-id>b4369da4-9623-4d85-8fef-2e3c419c616e</device-id>
	    <phone-number>9168512228</phone-number>
	    <model>Titanic 1000</model>
	  </activation>
	  		  <activation timestamp="1232799991" type="phone">
	    <account-number>1831</account-number>
	    <device-id>78f4af3b-101d-46a5-9fed-b932d3f298c9</device-id>
	    <phone-number>6505970041</phone-number>
	    <model>Titanic 1100</model>
	  </activation>
	  		  <activation timestamp="1232795256" type="phone">
	    <account-number>2090</account-number>
	    <device-id>17f715d3-cfe6-42c1-98aa-5d7bcdb658ef</device-id>
	    <phone-number>4088515413</phone-number>
	    <model>MeeToo 1.0</model>
	  </activation>
	  		  <activation timestamp="1232775391" type="phone">
	    <account-number>2598</account-number>
	    <device-id>3ba3dcc0-d076-43b5-8acb-bb66c0f61997</device-id>
	    <phone-number>6508018377</phone-number>
	    <model>Titanic 1000</model>
	  </activation>
	  		  <activation timestamp="1232764931" type="phone">
	    <account-number>1200</account-number>
	    <device-id>91063c2e-1635-4134-8b74-7bc901b1c94f</device-id>
	    <phone-number>9165279787</phone-number>
	    <model>iFruit 1</model>
	  </activation>
	  		  <activation timestamp="1232759349" type="phone">
	    <account-number>2443</account-number>
	    <device-id>4be6f51a-d47a-4242-b768-b970188efe32</device-id>
	    <phone-number>5102056221</phone-number>
	    <model>iFruit 1</model>
	  </activation>
	  		  <activation timestamp="1232757058" type="phone">
	    <account-number>2713</account-number>
	    <device-id>0d18690f-77c5-4bc0-867e-d67f9939bb98</device-id>
	    <phone-number>5108797924</phone-number>
	    <model>MeeToo 1.0</model>
	  </activation>
	  		  <activation timestamp="1232755788" type="phone">
	    <account-number>1812</account-number>
	    <device-id>1d357344-7332-4715-886c-8614d4513d16</device-id>
	    <phone-number>5307070037</phone-number>
	    <model>Titanic 1100</model>
	  </activation>
	  		  <activation timestamp="1232754458" type="phone">
	    <account-number>2404</account-number>
	    <device-id>6202297e-3c10-4f31-abd2-01efae273a31</device-id>
	    <phone-number>4081094872</phone-number>
	    <model>Titanic 1100</model>
	  </activation>
	  		  <activation timestamp="1232752183" type="phone">
	    <account-number>716</account-number>
	    <device-id>142039b9-2186-4563-91f4-803cc978d21b</device-id>
	    <phone-number>5101734178</phone-number>
	    <model>Titanic 1100</model>
	  </activation>
	  		  <activation timestamp="1232745330" type="phone">
	    <account-number>117901</account-number>
	    <device-id>e1425206-7b74-4b8b-9638-4fa3a51439cd</device-id>
	    <phone-number>9517265950</phone-number>
	    <model>Sorrento F00L</model>
	  </activation>
	  		  <activation timestamp="1232740290" type="phone">
	    <account-number>810</account-number>
	    <device-id>5da5b836-67ba-481b-bad7-c513b2b22e03</device-id>
	    <phone-number>4154937169</phone-number>
	    <model>Titanic 1000</model>
	  </activation>
	  		  <activation timestamp="1232739891" type="phone">
	    <account-number>933</account-number>
	    <device-id>1e893cee-0b5a-4e46-a232-c6256ff0f7bb</device-id>
	    <phone-number>9163932467</phone-number>
	    <model>Sorrento F00L</model>
	  </activation>
	  		  <activation timestamp="1232737845" type="phone">
	    <account-number>2217</account-number>
	    <device-id>4645238d-6166-4cf2-807e-f2950623d3e6</device-id>
	    <phone-number>6502249329</phone-number>
	    <model>iFruit 1</model>
	  </activation>
	  		  <activation timestamp="1232717775" type="phone">
	    <account-number>2392</account-number>
	    <device-id>6dac1d62-562c-4e36-98fe-b7992998b8d5</device-id>
	    <phone-number>4154084673</phone-number>
	    <model>Titanic 1100</model>
	  </activation>
	  		  <activation timestamp="1232704261" type="phone">
	    <account-number>2966</account-number>
	    <device-id>eb7c2bc5-2f21-415a-95d9-1f0b0f30462d</device-id>
	    <phone-number>2098675601</phone-number>
	    <model>Titanic 1000</model>
	  </activation>
	  		  <activation timestamp="1232701170" type="phone">
	    <account-number>2543</account-number>
	    <device-id>1387df30-dd8b-4e5d-932e-4b878e960fd3</device-id>
	    <phone-number>5305088895</phone-number>
	    <model>iFruit 1</model>
	  </activation>
	  		  <activation timestamp="1232689990" type="phone">
	    <account-number>968</account-number>
	    <device-id>4f779253-2b32-41c6-a53b-d761b1ac4fe9</device-id>
	    <phone-number>4152672347</phone-number>
	    <model>MeeToo 1.0</model>
	  </activation>
	  		  <activation timestamp="1232671936" type="phone">
	    <account-number>37425</account-number>
	    <device-id>f614f95b-5c96-4bdc-8367-97b8b9b0b23c</device-id>
	    <phone-number>7025847718</phone-number>
	    <model>iFruit 1</model>
	  </activation>
	  		  <activation timestamp="1232671894" type="phone">
	    <account-number>531</account-number>
	    <device-id>53341ddf-8ca9-4692-b88b-18147c25e94a</device-id>
	    <phone-number>7070655381</phone-number>
	    <model>Titanic 1000</model>
	  </activation>
	  		  <activation timestamp="1232665570" type="phone">
	    <account-number>1658</account-number>
	    <device-id>22bd1b1a-7f1d-4c23-bb29-bbcadb82f464</device-id>
	    <phone-number>7074290058</phone-number>
	    <model>Titanic 1000</model>
	  </activation>
	  		  <activation timestamp="1232662732" type="phone">
	    <account-number>2317</account-number>
	    <device-id>37397fe5-aaf7-44f7-8eea-de6311e7b9df</device-id>
	    <phone-number>4088484194</phone-number>
	    <model>iFruit 1</model>
	  </activation>
	  		  <activation timestamp="1232651777" type="phone">
	    <account-number>3283</account-number>
	    <device-id>a4402137-6f1f-42c4-8f94-4a64ebbc4d17</device-id>
	    <phone-number>7070573410</phone-number>
	    <model>iFruit 1</model>
	  </activation>
	  		  <activation timestamp="1232651075" type="phone">
	    <account-number>2238</account-number>
	    <device-id>4f70bf35-d6ae-4aa2-82a3-0efe9ce9ebe8</device-id>
	    <phone-number>6501136144</phone-number>
	    <model>Titanic 1100</model>
	  </activation>
	  		  <activation timestamp="1232635060" type="phone">
	    <account-number>93878</account-number>
	    <device-id>f94590d1-1c44-4a29-b2b7-4bf6a2e6da56</device-id>
	    <phone-number>7609712565</phone-number>
	    <model>Titanic 1100</model>
	  </activation>
	  		  <activation timestamp="1232629215" type="phone">
	    <account-number>1242</account-number>
	    <device-id>30075dc9-e081-4e87-af2a-6c5b80715b01</device-id>
	    <phone-number>2096646218</phone-number>
	    <model>Titanic 1000</model>
	  </activation>
	  		  <activation timestamp="1232617843" type="phone">
	    <account-number>1595</account-number>
	    <device-id>134a24df-941d-49ea-98bc-91188c5b0184</device-id>
	    <phone-number>7073568068</phone-number>
	    <model>Titanic 1100</model>
	  </activation>
	  		  <activation timestamp="1232617025" type="phone">
	    <account-number>33327</account-number>
	    <device-id>ec73ea12-417b-4785-8e4a-a3aee4d0e05a</device-id>
	    <phone-number>4151342453</phone-number>
	    <model>MeeToo 1.0</model>
	  </activation>
	  		  <activation timestamp="1232606310" type="phone">
	    <account-number>1439</account-number>
	    <device-id>04e7fd4c-f6b5-4f2f-9363-10ed56dee582</device-id>
	    <phone-number>9164896130</phone-number>
	    <model>MeeToo 1.0</model>
	  </activation>
	  		  <activation timestamp="1232600137" type="phone">
	    <account-number>1111</account-number>
	    <device-id>5958889e-a909-4d22-98f3-8058f5acdfaa</device-id>
	    <phone-number>5100879080</phone-number>
	    <model>Sorrento F00L</model>
	  </activation>
	  		  <activation timestamp="1232600082" type="phone">
	    <account-number>53447</account-number>
	    <device-id>d74fe7bc-ca03-4fb2-aa2e-4b58921b1800</device-id>
	    <phone-number>5307905285</phone-number>
	    <model>Titanic 1100</model>
	  </activation>
	  		  <activation timestamp="1232597173" type="phone">
	    <account-number>1897</account-number>
	    <device-id>92fa03fa-66cc-40c7-b201-d34bbbd67405</device-id>
	    <phone-number>5304051486</phone-number>
	    <model>iFruit 1</model>
	  </activation>
	  		  <activation timestamp="1232596249" type="phone">
	    <account-number>40417</account-number>
	    <device-id>41648c2c-2faa-487e-9cc7-0b34526c592b</device-id>
	    <phone-number>8188509184</phone-number>
	    <model>MeeToo 1.0</model>
	  </activation>
	  		  <activation timestamp="1232587224" type="phone">
	    <account-number>2967</account-number>
	    <device-id>7278405a-f938-47e9-ba04-9d67ecdcbe8b</device-id>
	    <phone-number>2099085000</phone-number>
	    <model>iFruit 1</model>
	  </activation>
	  		  <activation timestamp="1232580045" type="phone">
	    <account-number>1430</account-number>
	    <device-id>67b3e723-777c-47b2-b976-3c0a0d036e51</device-id>
	    <phone-number>4156141051</phone-number>
	    <model>MeeToo 1.0</model>
	  </activation>
	  		  <activation timestamp="1232577190" type="phone">
	    <account-number>882</account-number>
	    <device-id>38c76b2e-67d3-456a-bac9-478c7a78ef56</device-id>
	    <phone-number>6504713412</phone-number>
	    <model>MeeToo 1.0</model>
	  </activation>
	  		  <activation timestamp="1232575626" type="phone">
	    <account-number>2153</account-number>
	    <device-id>c2df2821-f12f-4fa5-a542-09be19683f09</device-id>
	    <phone-number>7077072080</phone-number>
	    <model>MeeToo 1.0</model>
	  </activation>
	  		  <activation timestamp="1232567134" type="phone">
	    <account-number>2166</account-number>
	    <device-id>9615fe67-1d82-45da-829c-fd9eae38c077</device-id>
	    <phone-number>9161884571</phone-number>
	    <model>Titanic 1000</model>
	  </activation>
	  		  <activation timestamp="1232566382" type="phone">
	    <account-number>1097</account-number>
	    <device-id>a85ecea8-2ef9-4f2b-a8ca-4e46a0e1efb9</device-id>
	    <phone-number>2099641679</phone-number>
	    <model>Sorrento F00L</model>
	  </activation>
	  		  <activation timestamp="1232559192" type="phone">
	    <account-number>2346</account-number>
	    <device-id>b321e7a7-d8b3-487f-a074-d176acaf4147</device-id>
	    <phone-number>7070054322</phone-number>
	    <model>Titanic 1000</model>
	  </activation>
	  		  <activation timestamp="1232531708" type="phone">
	    <account-number>2861</account-number>
	    <device-id>5011b680-a5b1-4029-adea-09172bac2d7e</device-id>
	    <phone-number>2099937043</phone-number>
	    <model>MeeToo 1.0</model>
	  </activation>
	  		  <activation timestamp="1232518126" type="phone">
	    <account-number>5642</account-number>
	    <device-id>4d9a1813-166c-4e9d-b11a-cccbdbddd4ef</device-id>
	    <phone-number>5109404556</phone-number>
	    <model>MeeToo 1.0</model>
	  </activation>
	  		  <activation timestamp="1232517672" type="phone">
	    <account-number>2389</account-number>
	    <device-id>5875c18b-54d4-4334-9edc-aca4bbdff05e</device-id>
	    <phone-number>9165919322</phone-number>
	    <model>iFruit 1</model>
	  </activation>
	  		  <activation timestamp="1232509504" type="phone">
	    <account-number>86408</account-number>
	    <device-id>6370aa9b-39b1-4106-8278-9bb1eb8eb524</device-id>
	    <phone-number>9284761038</phone-number>
	    <model>Titanic 1100</model>
	  </activation>
	  		  <activation timestamp="1232503923" type="phone">
	    <account-number>1866</account-number>
	    <device-id>a119bcfd-6905-4513-a5a2-5c3bd6740098</device-id>
	    <phone-number>9162683560</phone-number>
	    <model>MeeToo 1.0</model>
	  </activation>
	  		  <activation timestamp="1232496701" type="phone">
	    <account-number>2675</account-number>
	    <device-id>c2b1439f-f97a-4eda-ae0c-13fe756df27b</device-id>
	    <phone-number>6507052116</phone-number>
	    <model>MeeToo 1.0</model>
	  </activation>
	  		  <activation timestamp="1232495958" type="phone">
	    <account-number>742</account-number>
	    <device-id>4373e291-237d-4cf3-badf-86aa401f7387</device-id>
	    <phone-number>7070739401</phone-number>
	    <model>iFruit 1</model>
	  </activation>
	  		  <activation timestamp="1232494836" type="phone">
	    <account-number>3446</account-number>
	    <device-id>89a92582-9208-4e90-b121-81513ff70dc9</device-id>
	    <phone-number>5108205110</phone-number>
	    <model>Titanic 1100</model>
	  </activation>
	  		  <activation timestamp="1232480037" type="phone">
	    <account-number>1047</account-number>
	    <device-id>7a8a37af-af9e-4fd2-b18a-515d38adbbbe</device-id>
	    <phone-number>9168252853</phone-number>
	    <model>Titanic 1100</model>
	  </activation>
	  		  <activation timestamp="1232479509" type="phone">
	    <account-number>11253</account-number>
	    <device-id>ee5a9375-b5c3-4355-9d1a-ea7943df5f19</device-id>
	    <phone-number>9163237929</phone-number>
	    <model>MeeToo 1.0</model>
	  </activation>
	  		  <activation timestamp="1232478046" type="phone">
	    <account-number>101511</account-number>
	    <device-id>57187250-c9c7-4a12-84ae-07c184397481</device-id>
	    <phone-number>7079932909</phone-number>
	    <model>MeeToo 1.0</model>
	  </activation>
	  		  <activation timestamp="1232475566" type="phone">
	    <account-number>1235</account-number>
	    <device-id>74bcdc01-cdee-4540-9687-b6a7a697bc7c</device-id>
	    <phone-number>9166141084</phone-number>
	    <model>MeeToo 1.0</model>
	  </activation>
	  		  <activation timestamp="1232465472" type="phone">
	    <account-number>1758</account-number>
	    <device-id>df5d4a25-1466-428f-b356-b82b11d50027</device-id>
	    <phone-number>5109792142</phone-number>
	    <model>MeeToo 1.0</model>
	  </activation>
	  		  <activation timestamp="1232461890" type="phone">
	    <account-number>77168</account-number>
	    <device-id>b96d3768-0069-4a2a-b1ed-27422661f7f1</device-id>
	    <phone-number>9284636091</phone-number>
	    <model>Titanic 1000</model>
	  </activation>
	  		  <activation timestamp="1232444894" type="phone">
	    <account-number>1940</account-number>
	    <device-id>fb414fbd-c1f4-401b-9954-bb1e68d3e113</device-id>
	    <phone-number>4085101898</phone-number>
	    <model>Sorrento F00L</model>
	  </activation>
	  		  <activation timestamp="1232441217" type="phone">
	    <account-number>1832</account-number>
	    <device-id>eda8f8a6-411d-42a6-8498-cb3422318a22</device-id>
	    <phone-number>5106874805</phone-number>
	    <model>Titanic 1000</model>
	  </activation>
	  		  <activation timestamp="1232439391" type="phone">
	    <account-number>3309</account-number>
	    <device-id>878378ee-c747-4d3c-a114-2fa8de3e0a47</device-id>
	    <phone-number>4157402337</phone-number>
	    <model>MeeToo 1.0</model>
	  </activation>
	  		  <activation timestamp="1232439345" type="phone">
	    <account-number>29788</account-number>
	    <device-id>54ab4e37-a8b1-4201-ab88-3191bbcc9a5a</device-id>
	    <phone-number>9515591387</phone-number>
	    <model>Titanic 1000</model>
	  </activation>
	  		  <activation timestamp="1232439035" type="phone">
	    <account-number>2248</account-number>
	    <device-id>bbebc5d4-a360-42f6-a935-198619de72f5</device-id>
	    <phone-number>5305157746</phone-number>
	    <model>MeeToo 1.0</model>
	  </activation>
	  		  <activation timestamp="1232431118" type="phone">
	    <account-number>3070</account-number>
	    <device-id>cdc214cb-296e-4682-880a-d0426f576c77</device-id>
	    <phone-number>5106757886</phone-number>
	    <model>Sorrento F00L</model>
	  </activation>
	  		  <activation timestamp="1232427048" type="phone">
	    <account-number>1704</account-number>
	    <device-id>ff37eb0f-57a7-4b5f-ba38-bb069278ab5a</device-id>
	    <phone-number>9160466094</phone-number>
	    <model>Titanic 1000</model>
	  </activation>
	  		  <activation timestamp="1232426920" type="phone">
	    <account-number>2506</account-number>
	    <device-id>95ed3ef8-55ed-4172-925c-d45d148bd0c5</device-id>
	    <phone-number>9163609571</phone-number>
	    <model>iFruit 1</model>
	  </activation>
	  		  <activation timestamp="1232423989" type="phone">
	    <account-number>1398</account-number>
	    <device-id>ba59a7e3-f4b3-4478-bffe-206aa9fcd3ed</device-id>
	    <phone-number>7071013394</phone-number>
	    <model>iFruit 1</model>
	  </activation>
	  		  <activation timestamp="1232408937" type="phone">
	    <account-number>973</account-number>
	    <device-id>e1892a2a-96ae-4ad3-a27e-da9eb5445c54</device-id>
	    <phone-number>7073850357</phone-number>
	    <model>MeeToo 1.0</model>
	  </activation>
	  		  <activation timestamp="1232408727" type="phone">
	    <account-number>3148</account-number>
	    <device-id>0ae16dc6-4747-4475-9d5b-2018a91e35ef</device-id>
	    <phone-number>4154809539</phone-number>
	    <model>iFruit 1</model>
	  </activation>
	  		  <activation timestamp="1232400182" type="phone">
	    <account-number>1454</account-number>
	    <device-id>62069703-0286-4575-afff-abc68a246a69</device-id>
	    <phone-number>5106521668</phone-number>
	    <model>iFruit 1</model>
	  </activation>
	  		  <activation timestamp="1232385927" type="phone">
	    <account-number>3356</account-number>
	    <device-id>6472c860-fc35-4226-ab82-c9ba6955c7c5</device-id>
	    <phone-number>5109677135</phone-number>
	    <model>Titanic 1100</model>
	  </activation>
	  		  <activation timestamp="1232382516" type="phone">
	    <account-number>3252</account-number>
	    <device-id>c644d6d4-89eb-4df2-bd2e-33116fff3a74</device-id>
	    <phone-number>2097985723</phone-number>
	    <model>Titanic 1000</model>
	  </activation>
	  		  <activation timestamp="1232379738" type="phone">
	    <account-number>1406</account-number>
	    <device-id>2c29aef6-c24b-4a58-b656-23b851256b0f</device-id>
	    <phone-number>9162958391</phone-number>
	    <model>Titanic 1100</model>
	  </activation>
	  		  <activation timestamp="1232378996" type="phone">
	    <account-number>1944</account-number>
	    <device-id>41355f0f-c94c-400f-9ff8-41584e576cf5</device-id>
	    <phone-number>9168215353</phone-number>
	    <model>MeeToo 1.0</model>
	  </activation>
	  		  <activation timestamp="1232378956" type="phone">
	    <account-number>1227</account-number>
	    <device-id>8ac895a7-614f-470e-8d04-69f18880b4c1</device-id>
	    <phone-number>2090441154</phone-number>
	    <model>iFruit 1</model>
	  </activation>
	  		  <activation timestamp="1232367459" type="phone">
	    <account-number>3278</account-number>
	    <device-id>0d40fec6-ea68-4d32-a6da-bd7db45e84bf</device-id>
	    <phone-number>4084397406</phone-number>
	    <model>Titanic 1000</model>
	  </activation>
	  		  <activation timestamp="1232363565" type="phone">
	    <account-number>890</account-number>
	    <device-id>fd0f1a9a-a8f2-4b7f-8232-248a9bddf5fe</device-id>
	    <phone-number>4082880035</phone-number>
	    <model>iFruit 1</model>
	  </activation>
	  		  <activation timestamp="1232363099" type="phone">
	    <account-number>2434</account-number>
	    <device-id>9e990894-847f-411e-b83d-9af6f0942aa9</device-id>
	    <phone-number>7073163573</phone-number>
	    <model>Sorrento F00L</model>
	  </activation>
	  		  <activation timestamp="1232358488" type="phone">
	    <account-number>853</account-number>
	    <device-id>fff5731b-7483-4510-8d61-bb6f00afa7c5</device-id>
	    <phone-number>6508279715</phone-number>
	    <model>Titanic 1100</model>
	  </activation>
	  		  <activation timestamp="1232344762" type="phone">
	    <account-number>1160</account-number>
	    <device-id>4f3d4b1a-c842-444d-80ae-a873ca00c6ce</device-id>
	    <phone-number>9169643414</phone-number>
	    <model>Sorrento F00L</model>
	  </activation>
	  		  <activation timestamp="1232342801" type="phone">
	    <account-number>2815</account-number>
	    <device-id>65997b14-b6ce-4181-a2bb-2ac429d03f77</device-id>
	    <phone-number>9167776215</phone-number>
	    <model>iFruit 1</model>
	  </activation>
	  		  <activation timestamp="1232332784" type="phone">
	    <account-number>2591</account-number>
	    <device-id>94a2ab6b-54e9-4674-9e25-93d24f6db8ac</device-id>
	    <phone-number>4159958700</phone-number>
	    <model>Sorrento F00L</model>
	  </activation>
	  		  <activation timestamp="1232331198" type="phone">
	    <account-number>2805</account-number>
	    <device-id>c1577425-9d4a-485d-9b38-9b3cfb44581b</device-id>
	    <phone-number>7079310561</phone-number>
	    <model>Titanic 1100</model>
	  </activation>
	  		  <activation timestamp="1232326720" type="phone">
	    <account-number>2647</account-number>
	    <device-id>4ee0ee62-7100-4fc0-b4e2-3c7ba8b8ecd1</device-id>
	    <phone-number>9160009765</phone-number>
	    <model>Sorrento F00L</model>
	  </activation>
	  		  <activation timestamp="1232316763" type="phone">
	    <account-number>2023</account-number>
	    <device-id>4d54fe0d-fcfc-4559-9223-221a9f8bef4a</device-id>
	    <phone-number>2099520639</phone-number>
	    <model>iFruit 1</model>
	  </activation>
	  		  <activation timestamp="1232292089" type="phone">
	    <account-number>599</account-number>
	    <device-id>e5acc2b2-dc4d-4353-8098-b263942cd8e4</device-id>
	    <phone-number>5108492386</phone-number>
	    <model>Titanic 1000</model>
	  </activation>
	  		  <activation timestamp="1232282741" type="phone">
	    <account-number>1738</account-number>
	    <device-id>e01fe7a3-b1e3-4861-b3ba-6e8561d405e4</device-id>
	    <phone-number>2096740522</phone-number>
	    <model>Titanic 1000</model>
	  </activation>
	  		  <activation timestamp="1232269821" type="phone">
	    <account-number>3324</account-number>
	    <device-id>02156b46-9a04-4b27-8c8b-048d1e2bb215</device-id>
	    <phone-number>6507451754</phone-number>
	    <model>Titanic 1100</model>
	  </activation>
	  		  <activation timestamp="1232266678" type="phone">
	    <account-number>2869</account-number>
	    <device-id>b381cc1b-5636-4318-99cb-a50430549891</device-id>
	    <phone-number>9167134022</phone-number>
	    <model>MeeToo 1.0</model>
	  </activation>
	  		  <activation timestamp="1232261974" type="phone">
	    <account-number>2196</account-number>
	    <device-id>14c77a01-123b-4db8-8a87-08e107990831</device-id>
	    <phone-number>5106269456</phone-number>
	    <model>MeeToo 1.0</model>
	  </activation>
	  		  <activation timestamp="1232259934" type="phone">
	    <account-number>37043</account-number>
	    <device-id>cb5abb27-19bb-4a3c-bde0-4b42bbcaaa6a</device-id>
	    <phone-number>9280722326</phone-number>
	    <model>Sorrento F00L</model>
	  </activation>
	  		  <activation timestamp="1232259321" type="phone">
	    <account-number>1628</account-number>
	    <device-id>328a93d9-9ffd-40d3-8cfa-f76c6e01d8d1</device-id>
	    <phone-number>5303349769</phone-number>
	    <model>Sorrento F00L</model>
	  </activation>
	  		  <activation timestamp="1232257614" type="phone">
	    <account-number>50292</account-number>
	    <device-id>35609351-1de8-4e62-8497-8e921b9dc796</device-id>
	    <phone-number>5037879478</phone-number>
	    <model>iFruit 1</model>
	  </activation>
	  		  <activation timestamp="1232247835" type="phone">
	    <account-number>2549</account-number>
	    <device-id>8c1d4aa0-cf9d-44bf-b698-c1e489ebaee7</device-id>
	    <phone-number>2090119908</phone-number>
	    <model>Titanic 1000</model>
	  </activation>
	  		  <activation timestamp="1232246869" type="phone">
	    <account-number>824</account-number>
	    <device-id>2d44c6dd-9b5c-4b37-a72d-f7125af814f8</device-id>
	    <phone-number>7070846768</phone-number>
	    <model>MeeToo 1.0</model>
	  </activation>
	  		  <activation timestamp="1232245188" type="phone">
	    <account-number>1440</account-number>
	    <device-id>194a31fb-dc27-40ab-996f-4d9438406f1c</device-id>
	    <phone-number>9169123103</phone-number>
	    <model>Titanic 1000</model>
	  </activation>
	  		  <activation timestamp="1232236711" type="phone">
	    <account-number>1851</account-number>
	    <device-id>2d8b567a-f83b-4290-9830-4382d933e933</device-id>
	    <phone-number>5102220355</phone-number>
	    <model>Titanic 1100</model>
	  </activation>
	  		  <activation timestamp="1232228827" type="phone">
	    <account-number>44298</account-number>
	    <device-id>fa13f088-72f9-4c1f-aab1-4bf9fbc1be15</device-id>
	    <phone-number>7078662604</phone-number>
	    <model>Sorrento F00L</model>
	  </activation>
	  		  <activation timestamp="1232227461" type="phone">
	    <account-number>1121</account-number>
	    <device-id>74b4d32e-78cc-40ef-9de5-1457f46bcff7</device-id>
	    <phone-number>7071976766</phone-number>
	    <model>MeeToo 1.0</model>
	  </activation>
	  		  <activation timestamp="1232227008" type="phone">
	    <account-number>2427</account-number>
	    <device-id>503728c9-4e70-4a75-8bce-025cb8afa2c3</device-id>
	    <phone-number>7076566510</phone-number>
	    <model>iFruit 1</model>
	  </activation>
	  		  <activation timestamp="1232217564" type="phone">
	    <account-number>1025</account-number>
	    <device-id>45b30503-639c-44a5-bbae-3eb27039e3c4</device-id>
	    <phone-number>4089224925</phone-number>
	    <model>Titanic 1000</model>
	  </activation>
	  		  <activation timestamp="1232208186" type="phone">
	    <account-number>3337</account-number>
	    <device-id>62e250be-d571-4d7c-b8c1-8a01ee7b83b8</device-id>
	    <phone-number>5100220399</phone-number>
	    <model>Titanic 1100</model>
	  </activation>
	  		  <activation timestamp="1232202412" type="phone">
	    <account-number>3183</account-number>
	    <device-id>1462b480-ea9e-4ac9-a67a-a97641026ca5</device-id>
	    <phone-number>5106773895</phone-number>
	    <model>Titanic 1000</model>
	  </activation>
	  		  <activation timestamp="1232195378" type="phone">
	    <account-number>3316</account-number>
	    <device-id>fef6bc3b-b2d3-4bd7-9271-09c238790508</device-id>
	    <phone-number>7071044913</phone-number>
	    <model>Titanic 1100</model>
	  </activation>
	  		  <activation timestamp="1232179847" type="phone">
	    <account-number>1597</account-number>
	    <device-id>3401fc34-3663-4641-97ef-fa3be6fbdfc4</device-id>
	    <phone-number>9169552821</phone-number>
	    <model>Sorrento F00L</model>
	  </activation>
	  		  <activation timestamp="1232167619" type="phone">
	    <account-number>2593</account-number>
	    <device-id>9354ca36-7f78-4407-b735-013e621fd193</device-id>
	    <phone-number>4084567412</phone-number>
	    <model>iFruit 1</model>
	  </activation>
	  		  <activation timestamp="1232155537" type="phone">
	    <account-number>3290</account-number>
	    <device-id>9316e32f-03c0-4a63-a32a-cfc378f7f87d</device-id>
	    <phone-number>7071204124</phone-number>
	    <model>Sorrento F00L</model>
	  </activation>
	  		  <activation timestamp="1232152433" type="phone">
	    <account-number>2453</account-number>
	    <device-id>895e021a-6095-4f00-bc78-307b4be28f01</device-id>
	    <phone-number>7074000621</phone-number>
	    <model>Sorrento F00L</model>
	  </activation>
	  		  <activation timestamp="1232125597" type="phone">
	    <account-number>3016</account-number>
	    <device-id>64b7d04f-6528-44c9-a710-4483045b8340</device-id>
	    <phone-number>9165123297</phone-number>
	    <model>Titanic 1000</model>
	  </activation>
	  		  <activation timestamp="1232103256" type="phone">
	    <account-number>1214</account-number>
	    <device-id>c8bb8adf-170e-4c15-b353-3a8af41a1fd7</device-id>
	    <phone-number>5103093910</phone-number>
	    <model>Titanic 1100</model>
	  </activation>
	  		  <activation timestamp="1232100727" type="phone">
	    <account-number>1520</account-number>
	    <device-id>539caced-f5c8-4032-804f-f47509d49b7b</device-id>
	    <phone-number>2099190565</phone-number>
	    <model>iFruit 1</model>
	  </activation>
	  		  <activation timestamp="1232099763" type="phone">
	    <account-number>2585</account-number>
	    <device-id>9bf5f923-61d6-4b9e-b03c-dc70c2f1b05a</device-id>
	    <phone-number>4156428347</phone-number>
	    <model>Titanic 1000</model>
	  </activation>
	  		  <activation timestamp="1232099533" type="phone">
	    <account-number>2314</account-number>
	    <device-id>65edcbe9-020f-4605-bc8f-7741285dffd9</device-id>
	    <phone-number>4084654399</phone-number>
	    <model>Sorrento F00L</model>
	  </activation>
	  		  <activation timestamp="1232088592" type="phone">
	    <account-number>43078</account-number>
	    <device-id>80356b49-b215-4e0c-991a-6291e9323dd9</device-id>
	    <phone-number>7755879345</phone-number>
	    <model>Titanic 1100</model>
	  </activation>
	  		  <activation timestamp="1232083747" type="phone">
	    <account-number>1188</account-number>
	    <device-id>59ba165e-9203-42a5-acab-08ba31ff6a19</device-id>
	    <phone-number>4152906850</phone-number>
	    <model>Sorrento F00L</model>
	  </activation>
	  		  <activation timestamp="1232080235" type="phone">
	    <account-number>1445</account-number>
	    <device-id>9621f14b-9143-4445-a6d9-850d4e71fd46</device-id>
	    <phone-number>9162148003</phone-number>
	    <model>Sorrento F00L</model>
	  </activation>
	  		  <activation timestamp="1232074066" type="phone">
	    <account-number>1904</account-number>
	    <device-id>ca3f3c03-383a-4b4b-ac3f-4cd3c9f0c105</device-id>
	    <phone-number>7072496915</phone-number>
	    <model>Titanic 1100</model>
	  </activation>
	  		  <activation timestamp="1232068832" type="phone">
	    <account-number>3028</account-number>
	    <device-id>8278c596-57c0-4d15-8610-0dd26765d41f</device-id>
	    <phone-number>4156486454</phone-number>
	    <model>iFruit 1</model>
	  </activation>
	  		  <activation timestamp="1232055097" type="phone">
	    <account-number>1661</account-number>
	    <device-id>5464ea7b-b555-40b5-a848-71eaf7520d66</device-id>
	    <phone-number>5301585944</phone-number>
	    <model>MeeToo 1.0</model>
	  </activation>
	  		  <activation timestamp="1232047706" type="phone">
	    <account-number>1750</account-number>
	    <device-id>1b341b67-feb5-4bc9-bf2c-07bf0326336a</device-id>
	    <phone-number>9163799846</phone-number>
	    <model>Sorrento F00L</model>
	  </activation>
	  		  <activation timestamp="1232046423" type="phone">
	    <account-number>2963</account-number>
	    <device-id>6c4d7b79-9df8-4be0-b279-64fcc4d839a6</device-id>
	    <phone-number>9169242414</phone-number>
	    <model>Titanic 1000</model>
	  </activation>
	  		  <activation timestamp="1232037343" type="phone">
	    <account-number>60693</account-number>
	    <device-id>72642850-545f-4fef-9b84-e1ce376bb51b</device-id>
	    <phone-number>9163696555</phone-number>
	    <model>Titanic 1100</model>
	  </activation>
	  		  <activation timestamp="1232027097" type="phone">
	    <account-number>1258</account-number>
	    <device-id>8914d886-d8ca-4d49-8224-41495f17db37</device-id>
	    <phone-number>9168380949</phone-number>
	    <model>Sorrento F00L</model>
	  </activation>
	  		  <activation timestamp="1232012866" type="phone">
	    <account-number>3032</account-number>
	    <device-id>7c599732-cfd7-4bf0-8c38-c49295e2ab68</device-id>
	    <phone-number>7072072418</phone-number>
	    <model>Titanic 1100</model>
	  </activation>
	  		  <activation timestamp="1232006561" type="phone">
	    <account-number>3422</account-number>
	    <device-id>6c78950d-07a9-43d3-845b-2767028b5fb4</device-id>
	    <phone-number>6505310760</phone-number>
	    <model>iFruit 1</model>
	  </activation>
	  		  <activation timestamp="1231975617" type="phone">
	    <account-number>2040</account-number>
	    <device-id>1c49822c-73f7-4f27-80cf-40bae863018f</device-id>
	    <phone-number>5107096057</phone-number>
	    <model>Sorrento F00L</model>
	  </activation>
	  		  <activation timestamp="1231965574" type="phone">
	    <account-number>8707</account-number>
	    <device-id>dfad94dd-99b1-4e35-8699-59154f4ddc02</device-id>
	    <phone-number>6500401230</phone-number>
	    <model>iFruit 1</model>
	  </activation>
	  		  <activation timestamp="1231961089" type="phone">
	    <account-number>1312</account-number>
	    <device-id>d09fca5d-2ca1-44a6-aeb9-333d9ebaa26a</device-id>
	    <phone-number>9160571950</phone-number>
	    <model>Titanic 1000</model>
	  </activation>
	  		  <activation timestamp="1231960872" type="phone">
	    <account-number>2878</account-number>
	    <device-id>abc59cec-2f82-4e63-a32a-0a37de01a229</device-id>
	    <phone-number>6506462262</phone-number>
	    <model>Titanic 1100</model>
	  </activation>
	  		  <activation timestamp="1231954427" type="phone">
	    <account-number>1244</account-number>
	    <device-id>c347d172-ca4a-4e52-adf8-5683cd707c53</device-id>
	    <phone-number>7072894034</phone-number>
	    <model>MeeToo 1.0</model>
	  </activation>
	  		  <activation timestamp="1231953805" type="phone">
	    <account-number>2254</account-number>
	    <device-id>6382ee05-4f11-47c7-9982-7b36782c88bb</device-id>
	    <phone-number>6508215608</phone-number>
	    <model>Sorrento F00L</model>
	  </activation>
	  		  <activation timestamp="1231943483" type="phone">
	    <account-number>745</account-number>
	    <device-id>1588d7e2-f9c7-40dd-88e2-2a2d8f749e1e</device-id>
	    <phone-number>6501913353</phone-number>
	    <model>iFruit 1</model>
	  </activation>
	  		  <activation timestamp="1231930424" type="phone">
	    <account-number>496</account-number>
	    <device-id>c97988fe-3113-4594-a631-358d565bdb57</device-id>
	    <phone-number>5106255312</phone-number>
	    <model>Titanic 1100</model>
	  </activation>
	  		  <activation timestamp="1231918702" type="phone">
	    <account-number>540</account-number>
	    <device-id>0d07e64e-02f2-4e07-9ffc-3a6b73461446</device-id>
	    <phone-number>7071461936</phone-number>
	    <model>Titanic 1100</model>
	  </activation>
	  		  <activation timestamp="1231902692" type="phone">
	    <account-number>2356</account-number>
	    <device-id>96cfad93-afd3-4bc2-8a12-8031686ae28e</device-id>
	    <phone-number>5108460759</phone-number>
	    <model>Titanic 1100</model>
	  </activation>
	  		  <activation timestamp="1231894151" type="phone">
	    <account-number>3238</account-number>
	    <device-id>0a68a403-e6b3-44d5-8922-344a817d8c1e</device-id>
	    <phone-number>9167200707</phone-number>
	    <model>iFruit 1</model>
	  </activation>
	  		  <activation timestamp="1231892913" type="phone">
	    <account-number>1671</account-number>
	    <device-id>265228ba-db3b-4112-8c62-8bf81aef5418</device-id>
	    <phone-number>2099496804</phone-number>
	    <model>Sorrento F00L</model>
	  </activation>
	  		  <activation timestamp="1231873398" type="phone">
	    <account-number>757</account-number>
	    <device-id>236c11af-06b3-4440-8fbb-672912658b6f</device-id>
	    <phone-number>4152334116</phone-number>
	    <model>Titanic 1100</model>
	  </activation>
	  		  <activation timestamp="1231855587" type="phone">
	    <account-number>3207</account-number>
	    <device-id>860f6d6a-ebb3-45c3-aca9-fdfeab3bd8b1</device-id>
	    <phone-number>9167847289</phone-number>
	    <model>Sorrento F00L</model>
	  </activation>
	  		  <activation timestamp="1231845159" type="phone">
	    <account-number>2665</account-number>
	    <device-id>268e0ddd-48a2-447b-8578-673077050a4b</device-id>
	    <phone-number>5104433877</phone-number>
	    <model>Titanic 1000</model>
	  </activation>
	  		  <activation timestamp="1231839428" type="phone">
	    <account-number>9100</account-number>
	    <device-id>1791dd03-24d0-4270-83ff-254e1d132849</device-id>
	    <phone-number>6197785580</phone-number>
	    <model>Sorrento F00L</model>
	  </activation>
	  		  <activation timestamp="1231838275" type="phone">
	    <account-number>901</account-number>
	    <device-id>fbc3c358-668e-4ea4-b129-342dd93c3a2b</device-id>
	    <phone-number>4084457793</phone-number>
	    <model>Titanic 1100</model>
	  </activation>
	  		  <activation timestamp="1231838111" type="phone">
	    <account-number>888</account-number>
	    <device-id>b36bf2e8-59a0-4d13-9d2f-f202afb870e4</device-id>
	    <phone-number>2091818731</phone-number>
	    <model>iFruit 1</model>
	  </activation>
	  		  <activation timestamp="1231834113" type="phone">
	    <account-number>2621</account-number>
	    <device-id>54a000de-a89a-4610-9f08-7360552afca3</device-id>
	    <phone-number>9169033849</phone-number>
	    <model>iFruit 1</model>
	  </activation>
	  		  <activation timestamp="1231816689" type="phone">
	    <account-number>2650</account-number>
	    <device-id>75f23542-7486-4abd-bb56-6583538fc283</device-id>
	    <phone-number>6509603275</phone-number>
	    <model>Sorrento F00L</model>
	  </activation>
	  		  <activation timestamp="1231790705" type="phone">
	    <account-number>2261</account-number>
	    <device-id>f8e23e8f-40e1-4c75-983b-ba222269dfa9</device-id>
	    <phone-number>9163554158</phone-number>
	    <model>Titanic 1100</model>
	  </activation>
	  		  <activation timestamp="1231786209" type="phone">
	    <account-number>2957</account-number>
	    <device-id>eb09b442-f6ba-4545-8ad8-36746d2e4135</device-id>
	    <phone-number>5103108122</phone-number>
	    <model>Titanic 1000</model>
	  </activation>
	  		  <activation timestamp="1231776807" type="phone">
	    <account-number>1788</account-number>
	    <device-id>679f7231-e4cd-4638-9ceb-41ae97ce45ef</device-id>
	    <phone-number>9164316409</phone-number>
	    <model>MeeToo 1.0</model>
	  </activation>
	  		  <activation timestamp="1231775342" type="phone">
	    <account-number>1292</account-number>
	    <device-id>48f9218d-9319-44ef-9706-c54ea2ed69ac</device-id>
	    <phone-number>5108359747</phone-number>
	    <model>MeeToo 1.0</model>
	  </activation>
	  		  <activation timestamp="1231756671" type="phone">
	    <account-number>1107</account-number>
	    <device-id>236c97d5-f1a2-4ea3-b1c7-23c1f3c8a2f2</device-id>
	    <phone-number>9166825419</phone-number>
	    <model>Titanic 1000</model>
	  </activation>
	  		  <activation timestamp="1231744928" type="phone">
	    <account-number>2757</account-number>
	    <device-id>da9ce8c1-ddcd-4091-928c-ea37466d7c87</device-id>
	    <phone-number>7071209518</phone-number>
	    <model>iFruit 1</model>
	  </activation>
	  		  <activation timestamp="1231732546" type="phone">
	    <account-number>97070</account-number>
	    <device-id>40761e34-8045-4f5d-adc5-9ccc842c293d</device-id>
	    <phone-number>9287929740</phone-number>
	    <model>Titanic 1000</model>
	  </activation>
	  		  <activation timestamp="1231721426" type="phone">
	    <account-number>28143</account-number>
	    <device-id>34550810-db31-4778-ba1f-ab68397b073d</device-id>
	    <phone-number>8055281140</phone-number>
	    <model>Sorrento F00L</model>
	  </activation>
	  		  <activation timestamp="1231714686" type="phone">
	    <account-number>48494</account-number>
	    <device-id>fc5c4ed9-5944-4092-b742-d7c37f17d0ff</device-id>
	    <phone-number>8056656447</phone-number>
	    <model>MeeToo 1.0</model>
	  </activation>
	  		  <activation timestamp="1231686656" type="phone">
	    <account-number>490</account-number>
	    <device-id>af1d41c9-901e-4e6e-ba73-5bde200d7445</device-id>
	    <phone-number>7075796727</phone-number>
	    <model>MeeToo 1.0</model>
	  </activation>
	  		  <activation timestamp="1231682590" type="phone">
	    <account-number>120197</account-number>
	    <device-id>b1c251c3-c480-4c69-90a0-f2528ec8de39</device-id>
	    <phone-number>8057783430</phone-number>
	    <model>MeeToo 1.0</model>
	  </activation>
	  		  <activation timestamp="1231676568" type="phone">
	    <account-number>1622</account-number>
	    <device-id>51f22f36-8d4e-414c-8d08-a202622a8308</device-id>
	    <phone-number>7070055915</phone-number>
	    <model>Sorrento F00L</model>
	  </activation>
	  		  <activation timestamp="1231673652" type="phone">
	    <account-number>706</account-number>
	    <device-id>4fa7eaa1-64ec-4808-b4ff-226cf3db828c</device-id>
	    <phone-number>2094380351</phone-number>
	    <model>Titanic 1100</model>
	  </activation>
	  		  <activation timestamp="1231669132" type="phone">
	    <account-number>993</account-number>
	    <device-id>a9dd6d59-0bf0-4830-861a-778ed2857515</device-id>
	    <phone-number>6502301666</phone-number>
	    <model>MeeToo 1.0</model>
	  </activation>
	  		  <activation timestamp="1231665452" type="phone">
	    <account-number>1397</account-number>
	    <device-id>eb79884f-e64c-46d7-aa0f-448e8797da0f</device-id>
	    <phone-number>7075799500</phone-number>
	    <model>Sorrento F00L</model>
	  </activation>
	  		  <activation timestamp="1231646722" type="phone">
	    <account-number>1802</account-number>
	    <device-id>435dc490-1250-429b-9950-c33a2ec78df3</device-id>
	    <phone-number>9166103617</phone-number>
	    <model>Sorrento F00L</model>
	  </activation>
	  		  <activation timestamp="1231646525" type="phone">
	    <account-number>2352</account-number>
	    <device-id>f8c73dba-d63c-4bc3-9240-ef13cb7a7ec6</device-id>
	    <phone-number>4158588422</phone-number>
	    <model>iFruit 1</model>
	  </activation>
	  		  <activation timestamp="1231637719" type="phone">
	    <account-number>39892</account-number>
	    <device-id>512a9821-a108-4283-a90a-6d6ab8fd3fe3</device-id>
	    <phone-number>5104161605</phone-number>
	    <model>iFruit 1</model>
	  </activation>
	  		  <activation timestamp="1231615960" type="phone">
	    <account-number>2601</account-number>
	    <device-id>cc1be1bc-9b18-412c-aa2f-34ace2445e7e</device-id>
	    <phone-number>5102966620</phone-number>
	    <model>Sorrento F00L</model>
	  </activation>
	  		  <activation timestamp="1231608856" type="phone">
	    <account-number>10341</account-number>
	    <device-id>8b4a6f39-5c79-4862-ac87-f3d5efca9c8d</device-id>
	    <phone-number>8057079169</phone-number>
	    <model>Titanic 1100</model>
	  </activation>
	  		  <activation timestamp="1231608189" type="phone">
	    <account-number>3391</account-number>
	    <device-id>6b04315c-c2a6-465f-8835-6ec1e13799d5</device-id>
	    <phone-number>6507585602</phone-number>
	    <model>iFruit 1</model>
	  </activation>
	  		  <activation timestamp="1231604638" type="phone">
	    <account-number>68102</account-number>
	    <device-id>20d66add-54ec-4a61-9a7b-83ef46aede39</device-id>
	    <phone-number>6578982027</phone-number>
	    <model>Titanic 1100</model>
	  </activation>
	  		  <activation timestamp="1231598285" type="phone">
	    <account-number>122043</account-number>
	    <device-id>fbb9a9ef-562c-42e9-ac02-ed8ed2b0a576</device-id>
	    <phone-number>8053381789</phone-number>
	    <model>Titanic 1100</model>
	  </activation>
	  		  <activation timestamp="1231595602" type="phone">
	    <account-number>3002</account-number>
	    <device-id>1de7129b-9311-4b67-81a9-5b4c959788ab</device-id>
	    <phone-number>5109929103</phone-number>
	    <model>iFruit 1</model>
	  </activation>
	  		  <activation timestamp="1231589915" type="phone">
	    <account-number>7936</account-number>
	    <device-id>983319a0-ebbd-4fb9-b658-ef510d28fb9e</device-id>
	    <phone-number>5592407275</phone-number>
	    <model>Titanic 1100</model>
	  </activation>
	  		  <activation timestamp="1231582816" type="phone">
	    <account-number>10768</account-number>
	    <device-id>f0212d85-ea2a-4a86-9ca8-af3b6ef34a58</device-id>
	    <phone-number>9514095856</phone-number>
	    <model>Sorrento F00L</model>
	  </activation>
	  		  <activation timestamp="1231580394" type="phone">
	    <account-number>3123</account-number>
	    <device-id>9aad4f85-189a-436e-825f-a4110bf5853f</device-id>
	    <phone-number>9165774087</phone-number>
	    <model>Titanic 1100</model>
	  </activation>
	  		  <activation timestamp="1231566313" type="phone">
	    <account-number>1470</account-number>
	    <device-id>55b665fc-9475-4caf-8971-cf273c800c44</device-id>
	    <phone-number>2097024751</phone-number>
	    <model>Titanic 1100</model>
	  </activation>
	  		  <activation timestamp="1231559844" type="phone">
	    <account-number>3262</account-number>
	    <device-id>4ba276ea-0b53-4123-90fe-dc59f3dc4a3a</device-id>
	    <phone-number>5104784025</phone-number>
	    <model>iFruit 1</model>
	  </activation>
	  		  <activation timestamp="1231550647" type="phone">
	    <account-number>113628</account-number>
	    <device-id>05f5f9d4-1ab7-4a56-8bca-5722184afb8b</device-id>
	    <phone-number>9168369392</phone-number>
	    <model>Titanic 1000</model>
	  </activation>
	  		  <activation timestamp="1231537260" type="phone">
	    <account-number>2640</account-number>
	    <device-id>52d61895-0764-4466-a1c3-68c490a3d283</device-id>
	    <phone-number>9169142527</phone-number>
	    <model>Titanic 1000</model>
	  </activation>
	  		  <activation timestamp="1231533271" type="phone">
	    <account-number>2604</account-number>
	    <device-id>fec9dbdd-9eaa-4e0d-b11f-c4de6b46e0bf</device-id>
	    <phone-number>4085646545</phone-number>
	    <model>Titanic 1000</model>
	  </activation>
	  		  <activation timestamp="1231527575" type="phone">
	    <account-number>907</account-number>
	    <device-id>203f1b08-c683-4beb-9b94-a64589ed3e20</device-id>
	    <phone-number>2091399289</phone-number>
	    <model>iFruit 1</model>
	  </activation>
	  		  <activation timestamp="1231523939" type="phone">
	    <account-number>1942</account-number>
	    <device-id>d1699521-32e0-4d33-aa09-93f1274c1ea1</device-id>
	    <phone-number>4089501602</phone-number>
	    <model>Titanic 1000</model>
	  </activation>
	  		  <activation timestamp="1231522459" type="phone">
	    <account-number>2700</account-number>
	    <device-id>a1a33ee2-50b1-450a-9b56-99c928d08325</device-id>
	    <phone-number>6503804941</phone-number>
	    <model>MeeToo 1.0</model>
	  </activation>
	  		  <activation timestamp="1231517929" type="phone">
	    <account-number>1058</account-number>
	    <device-id>9237f8c5-c027-4dad-9aa0-337a02069115</device-id>
	    <phone-number>2099645363</phone-number>
	    <model>Titanic 1000</model>
	  </activation>
	  		  <activation timestamp="1231517565" type="phone">
	    <account-number>2253</account-number>
	    <device-id>ef6bd2d3-9b73-499f-a5f1-b91fe13b5d2c</device-id>
	    <phone-number>4158706749</phone-number>
	    <model>Titanic 1000</model>
	  </activation>
	  		  <activation timestamp="1231503949" type="phone">
	    <account-number>8694</account-number>
	    <device-id>89c6b3dd-b5c0-40fb-973b-5e1877cbc43b</device-id>
	    <phone-number>5628974736</phone-number>
	    <model>Titanic 1000</model>
	  </activation>
	  		  <activation timestamp="1231503703" type="phone">
	    <account-number>889</account-number>
	    <device-id>e0b1f057-29d7-4208-805a-54f0519c1577</device-id>
	    <phone-number>9165844695</phone-number>
	    <model>MeeToo 1.0</model>
	  </activation>
	  		  <activation timestamp="1231489013" type="phone">
	    <account-number>992</account-number>
	    <device-id>201d55c3-d68e-419e-915c-f5e2933c4646</device-id>
	    <phone-number>9169215934</phone-number>
	    <model>Sorrento F00L</model>
	  </activation>
	  		  <activation timestamp="1231479402" type="phone">
	    <account-number>3255</account-number>
	    <device-id>63bed587-64fb-4912-94a5-7ca00250513b</device-id>
	    <phone-number>6504606479</phone-number>
	    <model>MeeToo 1.0</model>
	  </activation>
	  		  <activation timestamp="1231473891" type="phone">
	    <account-number>50220</account-number>
	    <device-id>076d9e11-34a2-4a97-8f8e-48a586a33c96</device-id>
	    <phone-number>5039684222</phone-number>
	    <model>Titanic 1000</model>
	  </activation>
	  		  <activation timestamp="1231472503" type="phone">
	    <account-number>548</account-number>
	    <device-id>b8631544-ad95-435a-969a-42a86747c6f9</device-id>
	    <phone-number>2090255004</phone-number>
	    <model>Titanic 1100</model>
	  </activation>
	  		  <activation timestamp="1231472443" type="phone">
	    <account-number>3371</account-number>
	    <device-id>f585691e-34d6-4acf-96ea-f2f75a050176</device-id>
	    <phone-number>9162498870</phone-number>
	    <model>MeeToo 1.0</model>
	  </activation>
	  		  <activation timestamp="1231464698" type="phone">
	    <account-number>1213</account-number>
	    <device-id>bf8388fe-021a-4a69-8a49-1761972db5a7</device-id>
	    <phone-number>7073796452</phone-number>
	    <model>Titanic 1000</model>
	  </activation>
	  		  <activation timestamp="1231459747" type="phone">
	    <account-number>1408</account-number>
	    <device-id>327f64ad-5d09-4959-ae9d-5872953903cf</device-id>
	    <phone-number>9163632929</phone-number>
	    <model>iFruit 1</model>
	  </activation>
	  		  <activation timestamp="1231449724" type="phone">
	    <account-number>101260</account-number>
	    <device-id>de654f28-3d01-40be-83d6-269a6069405f</device-id>
	    <phone-number>9284004104</phone-number>
	    <model>Sorrento F00L</model>
	  </activation>
	  		  <activation timestamp="1231447459" type="phone">
	    <account-number>643</account-number>
	    <device-id>eb312ce5-4e71-46c0-b356-73d904176e9b</device-id>
	    <phone-number>4154366461</phone-number>
	    <model>Titanic 1100</model>
	  </activation>
	  		  <activation timestamp="1231444167" type="phone">
	    <account-number>3155</account-number>
	    <device-id>4ce16079-d8cf-446f-9d42-c06fa621d389</device-id>
	    <phone-number>7072512210</phone-number>
	    <model>MeeToo 1.0</model>
	  </activation>
	  		  <activation timestamp="1231433860" type="phone">
	    <account-number>2175</account-number>
	    <device-id>3c369329-3dd4-4e76-9b51-cc30423d989c</device-id>
	    <phone-number>9160021881</phone-number>
	    <model>Sorrento F00L</model>
	  </activation>
	  		  <activation timestamp="1231430796" type="phone">
	    <account-number>1815</account-number>
	    <device-id>5f6594ce-1492-4d5f-b8ed-fa03e28f2b7d</device-id>
	    <phone-number>5103096433</phone-number>
	    <model>Sorrento F00L</model>
	  </activation>
	  		  <activation timestamp="1231421856" type="phone">
	    <account-number>2902</account-number>
	    <device-id>1dfcdf19-5a48-413d-bebe-807ef06e901a</device-id>
	    <phone-number>5308077733</phone-number>
	    <model>Titanic 1000</model>
	  </activation>
	  		  <activation timestamp="1231421805" type="phone">
	    <account-number>92265</account-number>
	    <device-id>94f617ce-2464-47af-91bc-46c7e69c0510</device-id>
	    <phone-number>3106807439</phone-number>
	    <model>iFruit 1</model>
	  </activation>
	  		  <activation timestamp="1231406338" type="phone">
	    <account-number>730</account-number>
	    <device-id>13f62ffa-dd87-4dd7-b1ce-74c5e19e3887</device-id>
	    <phone-number>4150076805</phone-number>
	    <model>Titanic 1000</model>
	  </activation>
	  		  <activation timestamp="1231405780" type="phone">
	    <account-number>63862</account-number>
	    <device-id>91335e7a-51d2-4e44-969a-3be1194a32c7</device-id>
	    <phone-number>5416204200</phone-number>
	    <model>iFruit 1</model>
	  </activation>
	  		  <activation timestamp="1231404157" type="phone">
	    <account-number>2441</account-number>
	    <device-id>0d2c60d6-75ae-41cb-bd62-79d9d1874a34</device-id>
	    <phone-number>9164528239</phone-number>
	    <model>Titanic 1000</model>
	  </activation>
	  		  <activation timestamp="1231403704" type="phone">
	    <account-number>2131</account-number>
	    <device-id>0bb16190-bf4e-4a39-b181-2ad86393c945</device-id>
	    <phone-number>5105797528</phone-number>
	    <model>iFruit 1</model>
	  </activation>
	  		  <activation timestamp="1231389199" type="phone">
	    <account-number>3403</account-number>
	    <device-id>02f5ff2b-63d0-4220-8c15-700e49cbf47e</device-id>
	    <phone-number>2097726031</phone-number>
	    <model>iFruit 1</model>
	  </activation>
	  		  <activation timestamp="1231373386" type="phone">
	    <account-number>1536</account-number>
	    <device-id>a778271d-2ea6-4d0f-ad6d-26c217652369</device-id>
	    <phone-number>6503494648</phone-number>
	    <model>MeeToo 1.0</model>
	  </activation>
	  		  <activation timestamp="1231372355" type="phone">
	    <account-number>1158</account-number>
	    <device-id>8789fe8f-aa7e-4544-972f-17175852f843</device-id>
	    <phone-number>4150284225</phone-number>
	    <model>Titanic 1000</model>
	  </activation>
	  		  <activation timestamp="1231367412" type="phone">
	    <account-number>3327</account-number>
	    <device-id>9df04871-602d-48fd-8dae-e17ec38c284a</device-id>
	    <phone-number>4083773157</phone-number>
	    <model>Titanic 1100</model>
	  </activation>
	  		  <activation timestamp="1231362972" type="phone">
	    <account-number>2513</account-number>
	    <device-id>ba845c3b-97bb-45a6-b838-244128a5372e</device-id>
	    <phone-number>4157701631</phone-number>
	    <model>iFruit 1</model>
	  </activation>
	  		  <activation timestamp="1231350221" type="phone">
	    <account-number>2634</account-number>
	    <device-id>97f900e9-9a81-4837-956c-879d81cba912</device-id>
	    <phone-number>2096166665</phone-number>
	    <model>MeeToo 1.0</model>
	  </activation>
	  		  <activation timestamp="1231346352" type="phone">
	    <account-number>3279</account-number>
	    <device-id>224992f5-8093-46f0-b66c-5be280ea56c6</device-id>
	    <phone-number>4082308988</phone-number>
	    <model>MeeToo 1.0</model>
	  </activation>
	  		  <activation timestamp="1231345758" type="phone">
	    <account-number>1345</account-number>
	    <device-id>3f99dba4-6f70-4aff-b5a2-7a9cbdcf78ff</device-id>
	    <phone-number>9166436226</phone-number>
	    <model>iFruit 1</model>
	  </activation>
	  		  <activation timestamp="1231342503" type="phone">
	    <account-number>2320</account-number>
	    <device-id>8531e26e-c995-4e59-82d7-2d5fb02d273c</device-id>
	    <phone-number>2095046547</phone-number>
	    <model>MeeToo 1.0</model>
	  </activation>
	  		  <activation timestamp="1231314756" type="phone">
	    <account-number>2644</account-number>
	    <device-id>6d285a01-5277-477a-b47c-7bd692a5f6d7</device-id>
	    <phone-number>5307656531</phone-number>
	    <model>iFruit 1</model>
	  </activation>
	  		  <activation timestamp="1231309906" type="phone">
	    <account-number>2517</account-number>
	    <device-id>f08b1cf0-d4d5-4804-9e92-410b5e29580b</device-id>
	    <phone-number>5102996849</phone-number>
	    <model>Sorrento F00L</model>
	  </activation>
	  		  <activation timestamp="1231309545" type="phone">
	    <account-number>3445</account-number>
	    <device-id>c5fc339f-449b-4b53-a143-41b5bf70a97f</device-id>
	    <phone-number>7072163760</phone-number>
	    <model>Titanic 1100</model>
	  </activation>
	  		  <activation timestamp="1231293458" type="phone">
	    <account-number>1026</account-number>
	    <device-id>0a1843c6-9f3a-41df-9947-a381f51d1620</device-id>
	    <phone-number>5107097579</phone-number>
	    <model>Titanic 1000</model>
	  </activation>
	  		  <activation timestamp="1231272395" type="phone">
	    <account-number>3250</account-number>
	    <device-id>8fad654f-9727-413d-9e9c-f20a221b1d38</device-id>
	    <phone-number>5307897817</phone-number>
	    <model>Titanic 1000</model>
	  </activation>
	  		  <activation timestamp="1231250312" type="phone">
	    <account-number>875</account-number>
	    <device-id>f3f1ae11-bb04-4695-a202-38e98d05168b</device-id>
	    <phone-number>6500547508</phone-number>
	    <model>MeeToo 1.0</model>
	  </activation>
	  		  <activation timestamp="1231248019" type="phone">
	    <account-number>2359</account-number>
	    <device-id>7f5908f8-fe90-4d3e-a413-3c7cf4e2c7db</device-id>
	    <phone-number>7070789039</phone-number>
	    <model>Titanic 1000</model>
	  </activation>
	  		  <activation timestamp="1231236299" type="phone">
	    <account-number>2133</account-number>
	    <device-id>8a08d6f6-6aba-4da3-a945-dba6c144b348</device-id>
	    <phone-number>5107899851</phone-number>
	    <model>MeeToo 1.0</model>
	  </activation>
	  		  <activation timestamp="1231227421" type="phone">
	    <account-number>2982</account-number>
	    <device-id>53396fc1-dfe8-42b0-9d50-2e006bcf1ce2</device-id>
	    <phone-number>4150964370</phone-number>
	    <model>Sorrento F00L</model>
	  </activation>
	  		  <activation timestamp="1231221421" type="phone">
	    <account-number>2965</account-number>
	    <device-id>660f658a-912a-4952-ad70-595eff6d6525</device-id>
	    <phone-number>9166180707</phone-number>
	    <model>iFruit 1</model>
	  </activation>
	  		  <activation timestamp="1231216669" type="phone">
	    <account-number>1865</account-number>
	    <device-id>89e1332a-c85a-4a5e-bebb-c204ca031225</device-id>
	    <phone-number>5103296052</phone-number>
	    <model>Titanic 1000</model>
	  </activation>
	  		  <activation timestamp="1231207513" type="phone">
	    <account-number>483</account-number>
	    <device-id>33c0173c-9762-4d8c-811a-2ef7c28e740f</device-id>
	    <phone-number>7078510613</phone-number>
	    <model>iFruit 1</model>
	  </activation>
	  		  <activation timestamp="1231199484" type="phone">
	    <account-number>1040</account-number>
	    <device-id>8c16046b-3732-427e-92fc-020d856bb7fb</device-id>
	    <phone-number>4088979476</phone-number>
	    <model>iFruit 1</model>
	  </activation>
	  		  <activation timestamp="1231195376" type="phone">
	    <account-number>3470</account-number>
	    <device-id>12e919b9-c621-47d8-bfdb-b18f6d2be395</device-id>
	    <phone-number>6506125502</phone-number>
	    <model>Titanic 1000</model>
	  </activation>
	  		  <activation timestamp="1231191735" type="phone">
	    <account-number>1114</account-number>
	    <device-id>9677ac8f-2857-4263-934d-a56a4a60a097</device-id>
	    <phone-number>4156482843</phone-number>
	    <model>Titanic 1000</model>
	  </activation>
	  		  <activation timestamp="1231160529" type="phone">
	    <account-number>97928</account-number>
	    <device-id>429052c7-5164-4995-a1e1-514b7b8d5f88</device-id>
	    <phone-number>9165468544</phone-number>
	    <model>Titanic 1000</model>
	  </activation>
	  		  <activation timestamp="1231149069" type="phone">
	    <account-number>3072</account-number>
	    <device-id>a0f27348-06f4-48f7-bdf5-9e25ba6ec487</device-id>
	    <phone-number>5305484560</phone-number>
	    <model>Titanic 1000</model>
	  </activation>
	  		  <activation timestamp="1231142892" type="phone">
	    <account-number>754</account-number>
	    <device-id>96c8886b-6ad0-4f7f-97f8-d9c4ffce2727</device-id>
	    <phone-number>9164596626</phone-number>
	    <model>Titanic 1100</model>
	  </activation>
	  		  <activation timestamp="1231141475" type="phone">
	    <account-number>1699</account-number>
	    <device-id>ee5dfc7c-dbc2-49df-a22d-44dd06112012</device-id>
	    <phone-number>6501009571</phone-number>
	    <model>Titanic 1100</model>
	  </activation>
	  		  <activation timestamp="1231139107" type="phone">
	    <account-number>2296</account-number>
	    <device-id>3d44340f-8ecf-444d-a528-0d4a0bf0be35</device-id>
	    <phone-number>5105702591</phone-number>
	    <model>Sorrento F00L</model>
	  </activation>
	  		  <activation timestamp="1231121439" type="phone">
	    <account-number>1835</account-number>
	    <device-id>1c3276f5-f1be-480c-bbff-85d26f0a86eb</device-id>
	    <phone-number>9160058227</phone-number>
	    <model>iFruit 1</model>
	  </activation>
	  		  <activation timestamp="1231120766" type="phone">
	    <account-number>72482</account-number>
	    <device-id>68c77163-7e13-4eaa-b4ce-0570488338fe</device-id>
	    <phone-number>5030852546</phone-number>
	    <model>Sorrento F00L</model>
	  </activation>
	  		  <activation timestamp="1231118086" type="phone">
	    <account-number>1582</account-number>
	    <device-id>0ef17621-3abb-4364-937d-8e95971190df</device-id>
	    <phone-number>9163254011</phone-number>
	    <model>Sorrento F00L</model>
	  </activation>
	  		  <activation timestamp="1231105183" type="phone">
	    <account-number>2529</account-number>
	    <device-id>c1fc50f5-9eb7-4158-8307-28193ff8817d</device-id>
	    <phone-number>5109870299</phone-number>
	    <model>Sorrento F00L</model>
	  </activation>
	  		  <activation timestamp="1231104260" type="phone">
	    <account-number>1422</account-number>
	    <device-id>0b1c3f90-4f30-46ad-85f3-7816f43f5f9c</device-id>
	    <phone-number>9165607613</phone-number>
	    <model>Titanic 1000</model>
	  </activation>
	  		  <activation timestamp="1231100684" type="phone">
	    <account-number>861</account-number>
	    <device-id>b17e1145-5054-45a9-9bf7-a04098ff5ea9</device-id>
	    <phone-number>2090126504</phone-number>
	    <model>iFruit 1</model>
	  </activation>
	  		  <activation timestamp="1231092061" type="phone">
	    <account-number>10868</account-number>
	    <device-id>a33b8328-dc72-4c7d-b206-85f0454cae4a</device-id>
	    <phone-number>5412038054</phone-number>
	    <model>iFruit 1</model>
	  </activation>
	  		  <activation timestamp="1231074305" type="phone">
	    <account-number>657</account-number>
	    <device-id>7753a058-6c82-4d1e-b466-ef873439c457</device-id>
	    <phone-number>6507776333</phone-number>
	    <model>MeeToo 1.0</model>
	  </activation>
	  		  <activation timestamp="1231071944" type="phone">
	    <account-number>671</account-number>
	    <device-id>229f3ce1-8e6d-41d9-ad0f-c3137a765eb9</device-id>
	    <phone-number>9169244999</phone-number>
	    <model>Titanic 1000</model>
	  </activation>
	  		  <activation timestamp="1231069408" type="phone">
	    <account-number>1119</account-number>
	    <device-id>94229004-3e89-4a04-800e-3f4ef308dcc3</device-id>
	    <phone-number>9161585399</phone-number>
	    <model>iFruit 1</model>
	  </activation>
	  		  <activation timestamp="1231064749" type="phone">
	    <account-number>2778</account-number>
	    <device-id>44b7b8ae-837b-4d53-a9c0-99600d6cfba0</device-id>
	    <phone-number>6504032441</phone-number>
	    <model>Titanic 1100</model>
	  </activation>
	  		  <activation timestamp="1231053379" type="phone">
	    <account-number>2741</account-number>
	    <device-id>5f48a8b2-f6d1-4ad9-8d2b-195d52a40bb9</device-id>
	    <phone-number>7072520516</phone-number>
	    <model>Titanic 1000</model>
	  </activation>
	  		  <activation timestamp="1231040453" type="phone">
	    <account-number>2903</account-number>
	    <device-id>22972515-0925-4a8a-8d1b-194d37e0b7dc</device-id>
	    <phone-number>4086234939</phone-number>
	    <model>Titanic 1000</model>
	  </activation>
	  		  <activation timestamp="1231034353" type="phone">
	    <account-number>1438</account-number>
	    <device-id>74ac9b91-236c-4439-ba2c-158b61f52bef</device-id>
	    <phone-number>5107789575</phone-number>
	    <model>Titanic 1100</model>
	  </activation>
	  		  <activation timestamp="1231032409" type="phone">
	    <account-number>950</account-number>
	    <device-id>905d22f4-d5cd-4c55-986f-c7ee4f531c19</device-id>
	    <phone-number>5106090289</phone-number>
	    <model>MeeToo 1.0</model>
	  </activation>
	  		  <activation timestamp="1231030685" type="phone">
	    <account-number>1525</account-number>
	    <device-id>0f152e02-2616-44f7-b529-57723e2af41d</device-id>
	    <phone-number>5304966344</phone-number>
	    <model>Sorrento F00L</model>
	  </activation>
	  		  <activation timestamp="1230993161" type="phone">
	    <account-number>1202</account-number>
	    <device-id>6ff8ad51-354c-4422-a95f-4f7d17153770</device-id>
	    <phone-number>2090788480</phone-number>
	    <model>Sorrento F00L</model>
	  </activation>
	  		  <activation timestamp="1230991127" type="phone">
	    <account-number>14841</account-number>
	    <device-id>18036553-6506-4676-aa3d-bc89ec102c3f</device-id>
	    <phone-number>8319344678</phone-number>
	    <model>Titanic 1000</model>
	  </activation>
	  		  <activation timestamp="1230984784" type="phone">
	    <account-number>3497</account-number>
	    <device-id>6a95d3f2-bdc1-4a11-95b0-f91ac2e0feaa</device-id>
	    <phone-number>5100011152</phone-number>
	    <model>Sorrento F00L</model>
	  </activation>
	  		  <activation timestamp="1230981530" type="phone">
	    <account-number>1244</account-number>
	    <device-id>42bf0666-b75a-4880-84d6-9c0fc666c5de</device-id>
	    <phone-number>7072894034</phone-number>
	    <model>MeeToo 1.0</model>
	  </activation>
	  		  <activation timestamp="1230969519" type="phone">
	    <account-number>50134</account-number>
	    <device-id>4e7d2e4c-2da8-4b51-9aa0-eaf75d824a12</device-id>
	    <phone-number>9167535360</phone-number>
	    <model>MeeToo 1.0</model>
	  </activation>
	  		  <activation timestamp="1230944869" type="phone">
	    <account-number>1620</account-number>
	    <device-id>c5d8720f-569c-473e-8f05-21777cf10a7f</device-id>
	    <phone-number>4081805390</phone-number>
	    <model>MeeToo 1.0</model>
	  </activation>
	  		  <activation timestamp="1230943081" type="phone">
	    <account-number>1059</account-number>
	    <device-id>50766e65-107f-4d49-8561-71a3d0a02f34</device-id>
	    <phone-number>4153190903</phone-number>
	    <model>Titanic 1000</model>
	  </activation>
	  		  <activation timestamp="1230937631" type="phone">
	    <account-number>2806</account-number>
	    <device-id>7aae5d4a-66d6-4ff8-a485-96fc3defe21c</device-id>
	    <phone-number>2099699521</phone-number>
	    <model>Sorrento F00L</model>
	  </activation>
	  		  <activation timestamp="1230919294" type="phone">
	    <account-number>3346</account-number>
	    <device-id>2d62e8aa-b7d1-4b9c-9491-0df854b42a81</device-id>
	    <phone-number>7076948250</phone-number>
	    <model>Sorrento F00L</model>
	  </activation>
	  		  <activation timestamp="1230911501" type="phone">
	    <account-number>128089</account-number>
	    <device-id>025dcaa9-7891-4c65-b73c-9d71e5ab20ce</device-id>
	    <phone-number>9164538919</phone-number>
	    <model>Titanic 1100</model>
	  </activation>
	  		  <activation timestamp="1230896877" type="phone">
	    <account-number>1151</account-number>
	    <device-id>ca1279d7-0522-465f-b75f-e4e560e42b64</device-id>
	    <phone-number>7076979232</phone-number>
	    <model>MeeToo 1.0</model>
	  </activation>
	  		  <activation timestamp="1230892120" type="phone">
	    <account-number>2737</account-number>
	    <device-id>333992de-a51c-4129-b0ba-0b5db0b72939</device-id>
	    <phone-number>4151255393</phone-number>
	    <model>Titanic 1100</model>
	  </activation>
	  		  <activation timestamp="1230889934" type="phone">
	    <account-number>51813</account-number>
	    <device-id>85f04896-7d83-4b63-a47f-a25fc8d782bf</device-id>
	    <phone-number>9281765005</phone-number>
	    <model>Sorrento F00L</model>
	  </activation>
	  		  <activation timestamp="1230879621" type="phone">
	    <account-number>1059</account-number>
	    <device-id>edf39ca5-7a50-4f79-8acd-5035c056d7d7</device-id>
	    <phone-number>4153190903</phone-number>
	    <model>Sorrento F00L</model>
	  </activation>
	  		  <activation timestamp="1230878522" type="phone">
	    <account-number>1212</account-number>
	    <device-id>59ec8465-3d70-4834-a2bb-3fc5a5a33f5a</device-id>
	    <phone-number>9166751148</phone-number>
	    <model>Titanic 1000</model>
	  </activation>
	  		  <activation timestamp="1230861839" type="phone">
	    <account-number>2059</account-number>
	    <device-id>ec115c2a-df4f-4577-9976-9607f7a0dfa0</device-id>
	    <phone-number>7076554402</phone-number>
	    <model>Sorrento F00L</model>
	  </activation>
	  		  <activation timestamp="1230860358" type="phone">
	    <account-number>123579</account-number>
	    <device-id>d88facd9-51c9-49ab-bf62-5b977266f8cd</device-id>
	    <phone-number>6579309481</phone-number>
	    <model>Titanic 1100</model>
	  </activation>
	  		  <activation timestamp="1230857307" type="phone">
	    <account-number>8690</account-number>
	    <device-id>faafbfbe-235b-4b1b-b652-0cceece8004e</device-id>
	    <phone-number>6262221847</phone-number>
	    <model>iFruit 1</model>
	  </activation>
	  		  <activation timestamp="1230849551" type="phone">
	    <account-number>1737</account-number>
	    <device-id>2ded53cb-95b9-4c49-b419-342ae173512a</device-id>
	    <phone-number>6500219384</phone-number>
	    <model>Sorrento F00L</model>
	  </activation>
	  		  <activation timestamp="1230848869" type="phone">
	    <account-number>2401</account-number>
	    <device-id>fb255679-cb79-41d0-a2f0-bec76bc85d10</device-id>
	    <phone-number>5306128194</phone-number>
	    <model>iFruit 1</model>
	  </activation>
	  		  <activation timestamp="1230847009" type="phone">
	    <account-number>1553</account-number>
	    <device-id>9ba7c041-03fc-4f38-8ae1-63a9e24aca26</device-id>
	    <phone-number>5106636637</phone-number>
	    <model>MeeToo 1.0</model>
	  </activation>
	  		  <activation timestamp="1230846117" type="phone">
	    <account-number>8042</account-number>
	    <device-id>7e48d260-e4b1-4b5f-8f9c-3a8a5e6eed52</device-id>
	    <phone-number>6199024961</phone-number>
	    <model>Titanic 1000</model>
	  </activation>
	  		  <activation timestamp="1230837789" type="phone">
	    <account-number>69880</account-number>
	    <device-id>49cdc65d-bc82-4428-880d-a0a1ba06d986</device-id>
	    <phone-number>5036707237</phone-number>
	    <model>Sorrento F00L</model>
	  </activation>
	  		  <activation timestamp="1230820932" type="phone">
	    <account-number>3026</account-number>
	    <device-id>67189f63-54d7-4d3e-9576-0d517185587f</device-id>
	    <phone-number>9168391403</phone-number>
	    <model>Sorrento F00L</model>
	  </activation>
	  		  <activation timestamp="1230813146" type="phone">
	    <account-number>2864</account-number>
	    <device-id>b748e6e7-7992-4550-a09c-647c5d214ea6</device-id>
	    <phone-number>6500836187</phone-number>
	    <model>iFruit 1</model>
	  </activation>
	  		  <activation timestamp="1230806408" type="phone">
	    <account-number>2380</account-number>
	    <device-id>ad45c362-7312-4619-ba1b-392011e7210c</device-id>
	    <phone-number>4083730385</phone-number>
	    <model>Titanic 1000</model>
	  </activation>
	  		  <activation timestamp="1230801383" type="phone">
	    <account-number>1063</account-number>
	    <device-id>bae931a0-9a27-425e-96c3-2d7450444fa1</device-id>
	    <phone-number>5304925522</phone-number>
	    <model>MeeToo 1.0</model>
	  </activation>
	  		  <activation timestamp="1230800193" type="phone">
	    <account-number>22289</account-number>
	    <device-id>b35f4163-1371-43a0-b591-e431bf27f69d</device-id>
	    <phone-number>5100625052</phone-number>
	    <model>MeeToo 1.0</model>
	  </activation>
	  	</activations>